"var_id","var_lbl"
"B01001_001","SEX BY AGE% Total population%Total"
"B01001_002","SEX BY AGE%Total population%Total%Male"
"B01001_003","SEX BY AGE%Total population%Total%Male%Under 5 years"
"B01001_004","SEX BY AGE%Total population%Total%Male%5 to 9 years"
"B01001_005","SEX BY AGE%Total population%Total%Male%10 to 14 years"
"B01001_006","SEX BY AGE%Total population%Total%Male%15 to 17 years"
"B01001_007","SEX BY AGE%Total population%Total%Male%18 and 19 years"
"B01001_008","SEX BY AGE%Total population%Total%Male%20 years"
"B01001_009","SEX BY AGE%Total population%Total%Male%21 years"
"B01001_010","SEX BY AGE%Total population%Total%Male%22 to 24 years"
"B01001_011","SEX BY AGE%Total population%Total%Male%25 to 29 years"
"B01001_012","SEX BY AGE%Total population%Total%Male%30 to 34 years"
"B01001_013","SEX BY AGE%Total population%Total%Male%35 to 39 years"
"B01001_014","SEX BY AGE%Total population%Total%Male%40 to 44 years"
"B01001_015","SEX BY AGE%Total population%Total%Male%45 to 49 years"
"B01001_016","SEX BY AGE%Total population%Total%Male%50 to 54 years"
"B01001_017","SEX BY AGE%Total population%Total%Male%55 to 59 years"
"B01001_018","SEX BY AGE%Total population%Total%Male%60 and 61 years"
"B01001_019","SEX BY AGE%Total population%Total%Male%62 to 64 years"
"B01001_020","SEX BY AGE%Total population%Total%Male%65 and 66 years"
"B01001_021","SEX BY AGE%Total population%Total%Male%67 to 69 years"
"B01001_022","SEX BY AGE%Total population%Total%Male%70 to 74 years"
"B01001_023","SEX BY AGE%Total population%Total%Male%75 to 79 years"
"B01001_024","SEX BY AGE%Total population%Total%Male%80 to 84 years"
"B01001_025","SEX BY AGE%Total population%Total%Male%85 years and over"
"B01001_026","SEX BY AGE%Total population%Total%Female"
"B01001_027","SEX BY AGE%Total population%Total%Female%Under 5 years"
"B01001_028","SEX BY AGE%Total population%Total%Female%5 to 9 years"
"B01001_029","SEX BY AGE%Total population%Total%Female%10 to 14 years"
"B01001_030","SEX BY AGE%Total population%Total%Female%15 to 17 years"
"B01001_031","SEX BY AGE%Total population%Total%Female%18 and 19 years"
"B01001_032","SEX BY AGE%Total population%Total%Female%20 years"
"B01001_033","SEX BY AGE%Total population%Total%Female%21 years"
"B01001_034","SEX BY AGE%Total population%Total%Female%22 to 24 years"
"B01001_035","SEX BY AGE%Total population%Total%Female%25 to 29 years"
"B01001_036","SEX BY AGE%Total population%Total%Female%30 to 34 years"
"B01001_037","SEX BY AGE%Total population%Total%Female%35 to 39 years"
"B01001_038","SEX BY AGE%Total population%Total%Female%40 to 44 years"
"B01001_039","SEX BY AGE%Total population%Total%Female%45 to 49 years"
"B01001_040","SEX BY AGE%Total population%Total%Female%50 to 54 years"
"B01001_041","SEX BY AGE%Total population%Total%Female%55 to 59 years"
"B01001_042","SEX BY AGE%Total population%Total%Female%60 and 61 years"
"B01001_043","SEX BY AGE%Total population%Total%Female%62 to 64 years"
"B01001_044","SEX BY AGE%Total population%Total%Female%65 and 66 years"
"B01001_045","SEX BY AGE%Total population%Total%Female%67 to 69 years"
"B01001_046","SEX BY AGE%Total population%Total%Female%70 to 74 years"
"B01001_047","SEX BY AGE%Total population%Total%Female%75 to 79 years"
"B01001_048","SEX BY AGE%Total population%Total%Female%80 to 84 years"
"B01001_049","SEX BY AGE%Total population%Total%Female%85 years and over"
"B01002_001","MEDIAN AGE BY SEX%Total population%Median age%Total"
"B01002_002","MEDIAN AGE BY SEX%Total population%Median age%Male"
"B01002_003","MEDIAN AGE BY SEX%Total population%Median age%Female"
"B02001_001","RACE% Total population%Total"
"B02001_002","RACE%Total population%Total%White alone"
"B02001_003","RACE%Total population%Total%Black or African American alone"
"B02001_004","RACE%Total population%Total%American Indian and Alaska Native alone"
"B02001_005","RACE%Total population%Total%Asian alone"
"B02001_006","RACE%Total population%Total%Native Hawaiian and Other Pacific Islander alone"
"B02001_007","RACE%Total population%Total%Some other race alone"
"B02001_008","RACE%Total population%Total%Two or more races"
"B02001_009","RACE%Total population%Total%Two or more races%Two races including Some other race"
"B02001_010","RACE%Total population%Total%Two or more races%Two races excluding Some other race and three or more races"
"B03002_001","HISPANIC OR LATINO ORIGIN BY RACE% Total population%Total"
"B03002_002","HISPANIC OR LATINO ORIGIN BY RACE%Total population%Total%Not Hispanic or Latino"
"B03002_003","HISPANIC OR LATINO ORIGIN BY RACE%Total population%Total%Not Hispanic or Latino%White alone"
"B03002_004","HISPANIC OR LATINO ORIGIN BY RACE%Total population%Total%Not Hispanic or Latino%Black or African American alone"
"B03002_005","HISPANIC OR LATINO ORIGIN BY RACE%Total population%Total%Not Hispanic or Latino%American Indian and Alaska Native alone"
"B03002_006","HISPANIC OR LATINO ORIGIN BY RACE%Total population%Total%Not Hispanic or Latino%Asian alone"
"B03002_007","HISPANIC OR LATINO ORIGIN BY RACE%Total population%Total%Not Hispanic or Latino%Native Hawaiian and Other Pacific Islander alone"
"B03002_008","HISPANIC OR LATINO ORIGIN BY RACE%Total population%Total%Not Hispanic or Latino%Some other race alone"
"B03002_009","HISPANIC OR LATINO ORIGIN BY RACE%Total population%Total%Not Hispanic or Latino%Two or more races"
"B03002_010","HISPANIC OR LATINO ORIGIN BY RACE%Total population%Total%Not Hispanic or Latino%Two or more races%Two races including Some other race"
"B03002_011","HISPANIC OR LATINO ORIGIN BY RACE%Total population%Total%Not Hispanic or Latino%Two or more races%Two races excluding Some other race and three or more races"
"B03002_012","HISPANIC OR LATINO ORIGIN BY RACE%Total population%Total%Hispanic or Latino"
"B03002_013","HISPANIC OR LATINO ORIGIN BY RACE%Total population%Total%Hispanic or Latino%White alone"
"B03002_014","HISPANIC OR LATINO ORIGIN BY RACE%Total population%Total%Hispanic or Latino%Black or African American alone"
"B03002_015","HISPANIC OR LATINO ORIGIN BY RACE%Total population%Total%Hispanic or Latino%American Indian and Alaska Native alone"
"B03002_016","HISPANIC OR LATINO ORIGIN BY RACE%Total population%Total%Hispanic or Latino%Asian alone"
"B03002_017","HISPANIC OR LATINO ORIGIN BY RACE%Total population%Total%Hispanic or Latino%Native Hawaiian and Other Pacific Islander alone"
"B03002_018","HISPANIC OR LATINO ORIGIN BY RACE%Total population%Total%Hispanic or Latino%Some other race alone"
"B03002_019","HISPANIC OR LATINO ORIGIN BY RACE%Total population%Total%Hispanic or Latino%Two or more races"
"B03002_020","HISPANIC OR LATINO ORIGIN BY RACE%Total population%Total%Hispanic or Latino%Two or more races%Two races including Some other race"
"B03002_021","HISPANIC OR LATINO ORIGIN BY RACE%Total population%Total%Hispanic or Latino%Two or more races%Two races excluding Some other race and three or more races"
"B05002_001","PLACE OF BIRTH BY NATIVITY AND CITIZENSHIP STATUS% Total population%Total"
"B05002_002","PLACE OF BIRTH BY NATIVITY AND CITIZENSHIP STATUS%Total population%Total%Native"
"B05002_003","PLACE OF BIRTH BY NATIVITY AND CITIZENSHIP STATUS%Total population%Total%Native%Born in state of residence"
"B05002_004","PLACE OF BIRTH BY NATIVITY AND CITIZENSHIP STATUS%Total population%Total%Native%Born in other state in the United States"
"B05002_005","PLACE OF BIRTH BY NATIVITY AND CITIZENSHIP STATUS%Total population%Total%Native%Born in other state in the United States%Northeast"
"B05002_006","PLACE OF BIRTH BY NATIVITY AND CITIZENSHIP STATUS%Total population%Total%Native%Born in other state in the United States%Midwest"
"B05002_007","PLACE OF BIRTH BY NATIVITY AND CITIZENSHIP STATUS%Total population%Total%Native%Born in other state in the United States%South"
"B05002_008","PLACE OF BIRTH BY NATIVITY AND CITIZENSHIP STATUS%Total population%Total%Native%Born in other state in the United States%West"
"B05002_009","PLACE OF BIRTH BY NATIVITY AND CITIZENSHIP STATUS%Total population%Total%Native%Born outside the United States"
"B05002_010","PLACE OF BIRTH BY NATIVITY AND CITIZENSHIP STATUS%Total population%Total%Native%Born outside the United States%Puerto Rico"
"B05002_011","PLACE OF BIRTH BY NATIVITY AND CITIZENSHIP STATUS%Total population%Total%Native%Born outside the United States%U.S. Island Areas"
"B05002_012","PLACE OF BIRTH BY NATIVITY AND CITIZENSHIP STATUS%Total population%Total%Native%Born outside the United States%Born abroad of American parent(s)"
"B05002_013","PLACE OF BIRTH BY NATIVITY AND CITIZENSHIP STATUS%Total population%Total%Foreign born"
"B05002_014","PLACE OF BIRTH BY NATIVITY AND CITIZENSHIP STATUS%Total population%Total%Foreign born%Naturalized U.S. citizen"
"B05002_021","PLACE OF BIRTH BY NATIVITY AND CITIZENSHIP STATUS%Total population%Total%Foreign born%Not a U.S. citizen"
"B07204_001","GEOGRAPHICAL MOBILITY IN THE PAST YEAR FOR CURRENT RESIDENCE--STATE, COUNTY AND PLACE LEVEL IN THE UNITED STATES% Population 1 year and over in the United States%Total"
"B07204_002","GEOGRAPHICAL MOBILITY IN THE PAST YEAR FOR CURRENT RESIDENCE--STATE, COUNTY AND PLACE LEVEL IN THE UNITED STATES%Population 1 year and over in the United States%Total%Same house 1 year ago"
"B07204_003","GEOGRAPHICAL MOBILITY IN THE PAST YEAR FOR CURRENT RESIDENCE--STATE, COUNTY AND PLACE LEVEL IN THE UNITED STATES%Population 1 year and over in the United States%Total%Different house in United States 1 year ago"
"B07204_004","GEOGRAPHICAL MOBILITY IN THE PAST YEAR FOR CURRENT RESIDENCE--STATE, COUNTY AND PLACE LEVEL IN THE UNITED STATES%Population 1 year and over in the United States%Total%Different house in United States 1 year ago%Same city or town"
"B07204_005","GEOGRAPHICAL MOBILITY IN THE PAST YEAR FOR CURRENT RESIDENCE--STATE, COUNTY AND PLACE LEVEL IN THE UNITED STATES%Population 1 year and over in the United States%Total%Different house in United States 1 year ago%Same city or town%Same county"
"B07204_006","GEOGRAPHICAL MOBILITY IN THE PAST YEAR FOR CURRENT RESIDENCE--STATE, COUNTY AND PLACE LEVEL IN THE UNITED STATES%Population 1 year and over in the United States%Total%Different house in United States 1 year ago%Same city or town%Different county (same state)"
"B07204_007","GEOGRAPHICAL MOBILITY IN THE PAST YEAR FOR CURRENT RESIDENCE--STATE, COUNTY AND PLACE LEVEL IN THE UNITED STATES%Population 1 year and over in the United States%Total%Different house in United States 1 year ago%Elsewhere"
"B07204_008","GEOGRAPHICAL MOBILITY IN THE PAST YEAR FOR CURRENT RESIDENCE--STATE, COUNTY AND PLACE LEVEL IN THE UNITED STATES%Population 1 year and over in the United States%Total%Different house in United States 1 year ago%Elsewhere%Same county"
"B07204_009","GEOGRAPHICAL MOBILITY IN THE PAST YEAR FOR CURRENT RESIDENCE--STATE, COUNTY AND PLACE LEVEL IN THE UNITED STATES%Population 1 year and over in the United States%Total%Different house in United States 1 year ago%Elsewhere%Different county"
"B07204_010","GEOGRAPHICAL MOBILITY IN THE PAST YEAR FOR CURRENT RESIDENCE--STATE, COUNTY AND PLACE LEVEL IN THE UNITED STATES%Population 1 year and over in the United States%Total%Different house in United States 1 year ago%Elsewhere%Different county%Same state"
"B07204_011","GEOGRAPHICAL MOBILITY IN THE PAST YEAR FOR CURRENT RESIDENCE--STATE, COUNTY AND PLACE LEVEL IN THE UNITED STATES%Population 1 year and over in the United States%Total%Different house in United States 1 year ago%Elsewhere%Different county%Different state"
"B07204_012","GEOGRAPHICAL MOBILITY IN THE PAST YEAR FOR CURRENT RESIDENCE--STATE, COUNTY AND PLACE LEVEL IN THE UNITED STATES%Population 1 year and over in the United States%Total%Different house in United States 1 year ago%Elsewhere%Different county%Different state%Northeast"
"B07204_013","GEOGRAPHICAL MOBILITY IN THE PAST YEAR FOR CURRENT RESIDENCE--STATE, COUNTY AND PLACE LEVEL IN THE UNITED STATES%Population 1 year and over in the United States%Total%Different house in United States 1 year ago%Elsewhere%Different county%Different state%Midwest"
"B07204_014","GEOGRAPHICAL MOBILITY IN THE PAST YEAR FOR CURRENT RESIDENCE--STATE, COUNTY AND PLACE LEVEL IN THE UNITED STATES%Population 1 year and over in the United States%Total%Different house in United States 1 year ago%Elsewhere%Different county%Different state%South"
"B07204_015","GEOGRAPHICAL MOBILITY IN THE PAST YEAR FOR CURRENT RESIDENCE--STATE, COUNTY AND PLACE LEVEL IN THE UNITED STATES%Population 1 year and over in the United States%Total%Different house in United States 1 year ago%Elsewhere%Different county%Different state%West"
"B07204_016","GEOGRAPHICAL MOBILITY IN THE PAST YEAR FOR CURRENT RESIDENCE--STATE, COUNTY AND PLACE LEVEL IN THE UNITED STATES%Population 1 year and over in the United States%Total%Abroad 1 year ago"
"B07204_017","GEOGRAPHICAL MOBILITY IN THE PAST YEAR FOR CURRENT RESIDENCE--STATE, COUNTY AND PLACE LEVEL IN THE UNITED STATES%Population 1 year and over in the United States%Total%Abroad 1 year ago%Puerto Rico"
"B07204_018","GEOGRAPHICAL MOBILITY IN THE PAST YEAR FOR CURRENT RESIDENCE--STATE, COUNTY AND PLACE LEVEL IN THE UNITED STATES%Population 1 year and over in the United States%Total%Abroad 1 year ago%U.S. Island Areas"
"B07204_019","GEOGRAPHICAL MOBILITY IN THE PAST YEAR FOR CURRENT RESIDENCE--STATE, COUNTY AND PLACE LEVEL IN THE UNITED STATES%Population 1 year and over in the United States%Total%Abroad 1 year ago%Foreign country"
"B08006_001","SEX OF WORKERS BY MEANS OF TRANSPORTATION TO WORK% Workers 16 years and over%Total"
"B08006_002","SEX OF WORKERS BY MEANS OF TRANSPORTATION TO WORK%Workers 16 years and over%Total%Car truck or van"
"B08006_003","SEX OF WORKERS BY MEANS OF TRANSPORTATION TO WORK%Workers 16 years and over%Total%Car truck or van%Drove alone"
"B08006_004","SEX OF WORKERS BY MEANS OF TRANSPORTATION TO WORK%Workers 16 years and over%Total%Car truck or van%Carpooled"
"B08006_005","SEX OF WORKERS BY MEANS OF TRANSPORTATION TO WORK%Workers 16 years and over%Total%Car truck or van%Carpooled%In 2-person carpool"
"B08006_006","SEX OF WORKERS BY MEANS OF TRANSPORTATION TO WORK%Workers 16 years and over%Total%Car truck or van%Carpooled%In 3-person carpool"
"B08006_007","SEX OF WORKERS BY MEANS OF TRANSPORTATION TO WORK%Workers 16 years and over%Total%Car truck or van%Carpooled%In 4-or-more-person carpool"
"B08006_008","SEX OF WORKERS BY MEANS OF TRANSPORTATION TO WORK%Workers 16 years and over%Total%Public transportation (excluding taxicab)"
"B08006_009","SEX OF WORKERS BY MEANS OF TRANSPORTATION TO WORK%Workers 16 years and over%Total%Public transportation (excluding taxicab)%Bus"
"B08006_010","SEX OF WORKERS BY MEANS OF TRANSPORTATION TO WORK%Workers 16 years and over%Total%Public transportation (excluding taxicab)%Subway or elevated rail"
"B08006_011","SEX OF WORKERS BY MEANS OF TRANSPORTATION TO WORK%Workers 16 years and over%Total%Public transportation (excluding taxicab)%Long-distance train or commuter rail"
"B08006_012","SEX OF WORKERS BY MEANS OF TRANSPORTATION TO WORK%Workers 16 years and over%Total%Public transportation (excluding taxicab)%Light rail streetcar or trolley (carro p·blico in Puerto Rico)"
"B08006_013","SEX OF WORKERS BY MEANS OF TRANSPORTATION TO WORK%Workers 16 years and over%Total%Public transportation (excluding taxicab)%Ferryboat"
"B08006_014","SEX OF WORKERS BY MEANS OF TRANSPORTATION TO WORK%Workers 16 years and over%Total%Bicycle"
"B08006_015","SEX OF WORKERS BY MEANS OF TRANSPORTATION TO WORK%Workers 16 years and over%Total%Walked"
"B08006_016","SEX OF WORKERS BY MEANS OF TRANSPORTATION TO WORK%Workers 16 years and over%Total%Taxicab motorcycle or other means"
"B08006_017","SEX OF WORKERS BY MEANS OF TRANSPORTATION TO WORK%Workers 16 years and over%Total%Worked from home"
"B09001_001","POPULATION UNDER 18 YEARS BY AGE% Population under 18 years%Total"
"B09020_001","RELATIONSHIP BY HOUSEHOLD TYPE (INCLUDING LIVING ALONE) FOR THE POPULATION 65 YEARS AND OVER% Population 65 years and over%Total"
"B11001_001","HOUSEHOLD TYPE (INCLUDING LIVING ALONE)% Households%Total"
"B11001_002","HOUSEHOLD TYPE (INCLUDING LIVING ALONE)%Households%Total%Family households"
"B11001_003","HOUSEHOLD TYPE (INCLUDING LIVING ALONE)%Households%Total%Family households%Married-couple family"
"B11001_004","HOUSEHOLD TYPE (INCLUDING LIVING ALONE)%Households%Total%Family households%Other family"
"B11001_005","HOUSEHOLD TYPE (INCLUDING LIVING ALONE)%Households%Total%Family households%Other family%Male householder no spouse present"
"B11001_006","HOUSEHOLD TYPE (INCLUDING LIVING ALONE)%Households%Total%Family households%Other family%Female householder no spouse present"
"B11001_007","HOUSEHOLD TYPE (INCLUDING LIVING ALONE)%Households%Total%Nonfamily households"
"B11001_008","HOUSEHOLD TYPE (INCLUDING LIVING ALONE)%Households%Total%Nonfamily households%Householder living alone"
"B11001_009","HOUSEHOLD TYPE (INCLUDING LIVING ALONE)%Households%Total%Nonfamily households%Householder not living alone"
"B13002_001","WOMEN 15 TO 50 YEARS WHO HAD A BIRTH IN THE PAST 12 MONTHS BY MARITAL STATUS AND AGE% Women 15 to 50 years%Total"
"B13002_002","WOMEN 15 TO 50 YEARS WHO HAD A BIRTH IN THE PAST 12 MONTHS BY MARITAL STATUS AND AGE%Women 15 to 50 years%Total%Women who had a birth in the past 12 months"
"B13002_003","WOMEN 15 TO 50 YEARS WHO HAD A BIRTH IN THE PAST 12 MONTHS BY MARITAL STATUS AND AGE%Women 15 to 50 years%Total%Women who had a birth in the past 12 months%Now married (including separated and spouse absent)"
"B13002_004","WOMEN 15 TO 50 YEARS WHO HAD A BIRTH IN THE PAST 12 MONTHS BY MARITAL STATUS AND AGE%Women 15 to 50 years%Total%Women who had a birth in the past 12 months%Now married (including separated and spouse absent)%15 to 19 years old"
"B13002_005","WOMEN 15 TO 50 YEARS WHO HAD A BIRTH IN THE PAST 12 MONTHS BY MARITAL STATUS AND AGE%Women 15 to 50 years%Total%Women who had a birth in the past 12 months%Now married (including separated and spouse absent)%20 to 34 years old"
"B13002_006","WOMEN 15 TO 50 YEARS WHO HAD A BIRTH IN THE PAST 12 MONTHS BY MARITAL STATUS AND AGE%Women 15 to 50 years%Total%Women who had a birth in the past 12 months%Now married (including separated and spouse absent)%35 to 50 years old"
"B13002_007","WOMEN 15 TO 50 YEARS WHO HAD A BIRTH IN THE PAST 12 MONTHS BY MARITAL STATUS AND AGE%Women 15 to 50 years%Total%Women who had a birth in the past 12 months%Unmarried (never married widowed and divorced)"
"B13002_008","WOMEN 15 TO 50 YEARS WHO HAD A BIRTH IN THE PAST 12 MONTHS BY MARITAL STATUS AND AGE%Women 15 to 50 years%Total%Women who had a birth in the past 12 months%Unmarried (never married widowed and divorced)%15 to 19 years old"
"B13002_009","WOMEN 15 TO 50 YEARS WHO HAD A BIRTH IN THE PAST 12 MONTHS BY MARITAL STATUS AND AGE%Women 15 to 50 years%Total%Women who had a birth in the past 12 months%Unmarried (never married widowed and divorced)%20 to 34 years old"
"B13002_010","WOMEN 15 TO 50 YEARS WHO HAD A BIRTH IN THE PAST 12 MONTHS BY MARITAL STATUS AND AGE%Women 15 to 50 years%Total%Women who had a birth in the past 12 months%Unmarried (never married widowed and divorced)%35 to 50 years old"
"B13002_011","WOMEN 15 TO 50 YEARS WHO HAD A BIRTH IN THE PAST 12 MONTHS BY MARITAL STATUS AND AGE%Women 15 to 50 years%Total%Women who did not have a birth in the past 12 months"
"B13002_012","WOMEN 15 TO 50 YEARS WHO HAD A BIRTH IN THE PAST 12 MONTHS BY MARITAL STATUS AND AGE%Women 15 to 50 years%Total%Women who did not have a birth in the past 12 months%Now married (including separated and spouse absent)"
"B13002_013","WOMEN 15 TO 50 YEARS WHO HAD A BIRTH IN THE PAST 12 MONTHS BY MARITAL STATUS AND AGE%Women 15 to 50 years%Total%Women who did not have a birth in the past 12 months%Now married (including separated and spouse absent)%15 to 19 years old"
"B13002_014","WOMEN 15 TO 50 YEARS WHO HAD A BIRTH IN THE PAST 12 MONTHS BY MARITAL STATUS AND AGE%Women 15 to 50 years%Total%Women who did not have a birth in the past 12 months%Now married (including separated and spouse absent)%20 to 34 years old"
"B13002_015","WOMEN 15 TO 50 YEARS WHO HAD A BIRTH IN THE PAST 12 MONTHS BY MARITAL STATUS AND AGE%Women 15 to 50 years%Total%Women who did not have a birth in the past 12 months%Now married (including separated and spouse absent)%35 to 50 years old"
"B13002_016","WOMEN 15 TO 50 YEARS WHO HAD A BIRTH IN THE PAST 12 MONTHS BY MARITAL STATUS AND AGE%Women 15 to 50 years%Total%Women who did not have a birth in the past 12 months%Unmarried (never married widowed and divorced)"
"B13002_017","WOMEN 15 TO 50 YEARS WHO HAD A BIRTH IN THE PAST 12 MONTHS BY MARITAL STATUS AND AGE%Women 15 to 50 years%Total%Women who did not have a birth in the past 12 months%Unmarried (never married widowed and divorced)%15 to 19 years old"
"B13002_018","WOMEN 15 TO 50 YEARS WHO HAD A BIRTH IN THE PAST 12 MONTHS BY MARITAL STATUS AND AGE%Women 15 to 50 years%Total%Women who did not have a birth in the past 12 months%Unmarried (never married widowed and divorced)%20 to 34 years old"
"B13002_019","WOMEN 15 TO 50 YEARS WHO HAD A BIRTH IN THE PAST 12 MONTHS BY MARITAL STATUS AND AGE%Women 15 to 50 years%Total%Women who did not have a birth in the past 12 months%Unmarried (never married widowed and divorced)%35 to 50 years old"
"B14001_001","SCHOOL ENROLLMENT BY LEVEL OF SCHOOL FOR THE POPULATION 3 YEARS AND OVER% Population 3 years and over%Total"
"B14001_002","SCHOOL ENROLLMENT BY LEVEL OF SCHOOL FOR THE POPULATION 3 YEARS AND OVER%Population 3 years and over%Total%Enrolled in school"
"B14001_003","SCHOOL ENROLLMENT BY LEVEL OF SCHOOL FOR THE POPULATION 3 YEARS AND OVER%Population 3 years and over%Total%Enrolled in school%Enrolled in nursery school preschool"
"B14001_004","SCHOOL ENROLLMENT BY LEVEL OF SCHOOL FOR THE POPULATION 3 YEARS AND OVER%Population 3 years and over%Total%Enrolled in school%Enrolled in kindergarten"
"B14001_005","SCHOOL ENROLLMENT BY LEVEL OF SCHOOL FOR THE POPULATION 3 YEARS AND OVER%Population 3 years and over%Total%Enrolled in school%Enrolled in grade 1 to grade 4"
"B14001_006","SCHOOL ENROLLMENT BY LEVEL OF SCHOOL FOR THE POPULATION 3 YEARS AND OVER%Population 3 years and over%Total%Enrolled in school%Enrolled in grade 5 to grade 8"
"B14001_007","SCHOOL ENROLLMENT BY LEVEL OF SCHOOL FOR THE POPULATION 3 YEARS AND OVER%Population 3 years and over%Total%Enrolled in school%Enrolled in grade 9 to grade 12"
"B14001_008","SCHOOL ENROLLMENT BY LEVEL OF SCHOOL FOR THE POPULATION 3 YEARS AND OVER%Population 3 years and over%Total%Enrolled in school%Enrolled in college undergraduate years"
"B14001_009","SCHOOL ENROLLMENT BY LEVEL OF SCHOOL FOR THE POPULATION 3 YEARS AND OVER%Population 3 years and over%Total%Enrolled in school%Graduate or professional school"
"B14001_010","SCHOOL ENROLLMENT BY LEVEL OF SCHOOL FOR THE POPULATION 3 YEARS AND OVER%Population 3 years and over%Total%Not enrolled in school"
"B15002_001","SEX BY EDUCATIONAL ATTAINMENT FOR THE POPULATION 25 YEARS AND OVER% Population 25 years and over%Total"
"B15002_002","SEX BY EDUCATIONAL ATTAINMENT FOR THE POPULATION 25 YEARS AND OVER%Population 25 years and over%Total%Male"
"B15002_003","SEX BY EDUCATIONAL ATTAINMENT FOR THE POPULATION 25 YEARS AND OVER%Population 25 years and over%Total%Male%No schooling completed"
"B15002_004","SEX BY EDUCATIONAL ATTAINMENT FOR THE POPULATION 25 YEARS AND OVER%Population 25 years and over%Total%Male%Nursery to 4th grade"
"B15002_005","SEX BY EDUCATIONAL ATTAINMENT FOR THE POPULATION 25 YEARS AND OVER%Population 25 years and over%Total%Male%5th and 6th grade"
"B15002_006","SEX BY EDUCATIONAL ATTAINMENT FOR THE POPULATION 25 YEARS AND OVER%Population 25 years and over%Total%Male%7th and 8th grade"
"B15002_007","SEX BY EDUCATIONAL ATTAINMENT FOR THE POPULATION 25 YEARS AND OVER%Population 25 years and over%Total%Male%9th grade"
"B15002_008","SEX BY EDUCATIONAL ATTAINMENT FOR THE POPULATION 25 YEARS AND OVER%Population 25 years and over%Total%Male%10th grade"
"B15002_009","SEX BY EDUCATIONAL ATTAINMENT FOR THE POPULATION 25 YEARS AND OVER%Population 25 years and over%Total%Male%11th grade"
"B15002_010","SEX BY EDUCATIONAL ATTAINMENT FOR THE POPULATION 25 YEARS AND OVER%Population 25 years and over%Total%Male%12th grade no diploma"
"B15002_011","SEX BY EDUCATIONAL ATTAINMENT FOR THE POPULATION 25 YEARS AND OVER%Population 25 years and over%Total%Male%High school graduate (includes equivalency)"
"B15002_012","SEX BY EDUCATIONAL ATTAINMENT FOR THE POPULATION 25 YEARS AND OVER%Population 25 years and over%Total%Male%Some college less than 1 year"
"B15002_013","SEX BY EDUCATIONAL ATTAINMENT FOR THE POPULATION 25 YEARS AND OVER%Population 25 years and over%Total%Male%Some college 1 or more years no degree"
"B15002_014","SEX BY EDUCATIONAL ATTAINMENT FOR THE POPULATION 25 YEARS AND OVER%Population 25 years and over%Total%Male%Associate's degree"
"B15002_015","SEX BY EDUCATIONAL ATTAINMENT FOR THE POPULATION 25 YEARS AND OVER%Population 25 years and over%Total%Male%Bachelor's degree"
"B15002_016","SEX BY EDUCATIONAL ATTAINMENT FOR THE POPULATION 25 YEARS AND OVER%Population 25 years and over%Total%Male%Master's degree"
"B15002_017","SEX BY EDUCATIONAL ATTAINMENT FOR THE POPULATION 25 YEARS AND OVER%Population 25 years and over%Total%Male%Professional school degree"
"B15002_018","SEX BY EDUCATIONAL ATTAINMENT FOR THE POPULATION 25 YEARS AND OVER%Population 25 years and over%Total%Male%Doctorate degree"
"B15002_019","SEX BY EDUCATIONAL ATTAINMENT FOR THE POPULATION 25 YEARS AND OVER%Population 25 years and over%Total%Female"
"B15002_020","SEX BY EDUCATIONAL ATTAINMENT FOR THE POPULATION 25 YEARS AND OVER%Population 25 years and over%Total%Female%No schooling completed"
"B15002_021","SEX BY EDUCATIONAL ATTAINMENT FOR THE POPULATION 25 YEARS AND OVER%Population 25 years and over%Total%Female%Nursery to 4th grade"
"B15002_022","SEX BY EDUCATIONAL ATTAINMENT FOR THE POPULATION 25 YEARS AND OVER%Population 25 years and over%Total%Female%5th and 6th grade"
"B15002_023","SEX BY EDUCATIONAL ATTAINMENT FOR THE POPULATION 25 YEARS AND OVER%Population 25 years and over%Total%Female%7th and 8th grade"
"B15002_024","SEX BY EDUCATIONAL ATTAINMENT FOR THE POPULATION 25 YEARS AND OVER%Population 25 years and over%Total%Female%9th grade"
"B15002_025","SEX BY EDUCATIONAL ATTAINMENT FOR THE POPULATION 25 YEARS AND OVER%Population 25 years and over%Total%Female%10th grade"
"B15002_026","SEX BY EDUCATIONAL ATTAINMENT FOR THE POPULATION 25 YEARS AND OVER%Population 25 years and over%Total%Female%11th grade"
"B15002_027","SEX BY EDUCATIONAL ATTAINMENT FOR THE POPULATION 25 YEARS AND OVER%Population 25 years and over%Total%Female%12th grade no diploma"
"B15002_028","SEX BY EDUCATIONAL ATTAINMENT FOR THE POPULATION 25 YEARS AND OVER%Population 25 years and over%Total%Female%High school graduate (includes equivalency)"
"B15002_029","SEX BY EDUCATIONAL ATTAINMENT FOR THE POPULATION 25 YEARS AND OVER%Population 25 years and over%Total%Female%Some college less than 1 year"
"B15002_030","SEX BY EDUCATIONAL ATTAINMENT FOR THE POPULATION 25 YEARS AND OVER%Population 25 years and over%Total%Female%Some college 1 or more years no degree"
"B15002_031","SEX BY EDUCATIONAL ATTAINMENT FOR THE POPULATION 25 YEARS AND OVER%Population 25 years and over%Total%Female%Associate's degree"
"B15002_032","SEX BY EDUCATIONAL ATTAINMENT FOR THE POPULATION 25 YEARS AND OVER%Population 25 years and over%Total%Female%Bachelor's degree"
"B15002_033","SEX BY EDUCATIONAL ATTAINMENT FOR THE POPULATION 25 YEARS AND OVER%Population 25 years and over%Total%Female%Master's degree"
"B15002_034","SEX BY EDUCATIONAL ATTAINMENT FOR THE POPULATION 25 YEARS AND OVER%Population 25 years and over%Total%Female%Professional school degree"
"B15002_035","SEX BY EDUCATIONAL ATTAINMENT FOR THE POPULATION 25 YEARS AND OVER%Population 25 years and over%Total%Female%Doctorate degree"
"B19001_001","HOUSEHOLD INCOME IN THE PAST 12 MONTHS (IN 2019 INFLATION-ADJUSTED DOLLARS)% Households%Total"
"B19001_002","HOUSEHOLD INCOME IN THE PAST 12 MONTHS (IN 2019 INFLATION-ADJUSTED DOLLARS)%Households%Total%Less than $10 000"
"B19001_003","HOUSEHOLD INCOME IN THE PAST 12 MONTHS (IN 2019 INFLATION-ADJUSTED DOLLARS)%Households%Total%$10 000 to $14 999"
"B19001_004","HOUSEHOLD INCOME IN THE PAST 12 MONTHS (IN 2019 INFLATION-ADJUSTED DOLLARS)%Households%Total%$15 000 to $19 999"
"B19001_005","HOUSEHOLD INCOME IN THE PAST 12 MONTHS (IN 2019 INFLATION-ADJUSTED DOLLARS)%Households%Total%$20 000 to $24 999"
"B19001_006","HOUSEHOLD INCOME IN THE PAST 12 MONTHS (IN 2019 INFLATION-ADJUSTED DOLLARS)%Households%Total%$25 000 to $29 999"
"B19001_007","HOUSEHOLD INCOME IN THE PAST 12 MONTHS (IN 2019 INFLATION-ADJUSTED DOLLARS)%Households%Total%$30 000 to $34 999"
"B19001_008","HOUSEHOLD INCOME IN THE PAST 12 MONTHS (IN 2019 INFLATION-ADJUSTED DOLLARS)%Households%Total%$35 000 to $39 999"
"B19001_009","HOUSEHOLD INCOME IN THE PAST 12 MONTHS (IN 2019 INFLATION-ADJUSTED DOLLARS)%Households%Total%$40 000 to $44 999"
"B19001_010","HOUSEHOLD INCOME IN THE PAST 12 MONTHS (IN 2019 INFLATION-ADJUSTED DOLLARS)%Households%Total%$45 000 to $49 999"
"B19001_011","HOUSEHOLD INCOME IN THE PAST 12 MONTHS (IN 2019 INFLATION-ADJUSTED DOLLARS)%Households%Total%$50 000 to $59 999"
"B19001_012","HOUSEHOLD INCOME IN THE PAST 12 MONTHS (IN 2019 INFLATION-ADJUSTED DOLLARS)%Households%Total%$60 000 to $74 999"
"B19001_013","HOUSEHOLD INCOME IN THE PAST 12 MONTHS (IN 2019 INFLATION-ADJUSTED DOLLARS)%Households%Total%$75 000 to $99 999"
"B19001_014","HOUSEHOLD INCOME IN THE PAST 12 MONTHS (IN 2019 INFLATION-ADJUSTED DOLLARS)%Households%Total%$100 000 to $124 999"
"B19001_015","HOUSEHOLD INCOME IN THE PAST 12 MONTHS (IN 2019 INFLATION-ADJUSTED DOLLARS)%Households%Total%$125 000 to $149 999"
"B19001_016","HOUSEHOLD INCOME IN THE PAST 12 MONTHS (IN 2019 INFLATION-ADJUSTED DOLLARS)%Households%Total%$150 000 to $199 999"
"B19001_017","HOUSEHOLD INCOME IN THE PAST 12 MONTHS (IN 2019 INFLATION-ADJUSTED DOLLARS)%Households%Total%$200 000 or more"
"B19013_001","MEDIAN HOUSEHOLD INCOME IN THE PAST 12 MONTHS (IN 2019 INFLATION-ADJUSTED DOLLARS)% Households%Median household income in the past 12 months (in 2019 inflation-adjusted dollars)"
"B19083_001","GINI INDEX OF INCOME INEQUALITY%Households%Gini Index"
"B23025_001","EMPLOYMENT STATUS FOR THE POPULATION 16 YEARS AND OVER% Population 16 years and over%Total"
"B23025_002","EMPLOYMENT STATUS FOR THE POPULATION 16 YEARS AND OVER%Population 16 years and over%Total%In labor force"
"B23025_003","EMPLOYMENT STATUS FOR THE POPULATION 16 YEARS AND OVER%Population 16 years and over%Total%In labor force%Civilian labor force"
"B23025_004","EMPLOYMENT STATUS FOR THE POPULATION 16 YEARS AND OVER%Population 16 years and over%Total%In labor force%Civilian labor force%Employed"
"B23025_005","EMPLOYMENT STATUS FOR THE POPULATION 16 YEARS AND OVER%Population 16 years and over%Total%In labor force%Civilian labor force%Unemployed"
"B23025_006","EMPLOYMENT STATUS FOR THE POPULATION 16 YEARS AND OVER%Population 16 years and over%Total%In labor force%Armed Forces"
"B23025_007","EMPLOYMENT STATUS FOR THE POPULATION 16 YEARS AND OVER%Population 16 years and over%Total%Not in labor force"
"B25002_001","OCCUPANCY STATUS% Housing units%Total"
"B25002_002","OCCUPANCY STATUS%Housing units%Total%Occupied"
"B25002_003","OCCUPANCY STATUS%Housing units%Total%Vacant"
"B25003_001","TENURE% Occupied housing units%Total"
"B25003_002","TENURE%Occupied housing units%Total%Owner occupied"
"B25003_003","TENURE%Occupied housing units%Total%Renter occupied"
"B25010_001","AVERAGE HOUSEHOLD SIZE OF OCCUPIED HOUSING UNITS BY TENURE%Occupied housing units%Average household size%Total"
"B25010_002","AVERAGE HOUSEHOLD SIZE OF OCCUPIED HOUSING UNITS BY TENURE%Occupied housing units%Average household size%Total%Owner occupied"
"B25010_003","AVERAGE HOUSEHOLD SIZE OF OCCUPIED HOUSING UNITS BY TENURE%Occupied housing units%Average household size%Total%Renter occupied"
"B25063_001","GROSS RENT% Renter-occupied housing units%Total"
"B25063_002","GROSS RENT%Renter-occupied housing units%Total%With cash rent"
"B25063_003","GROSS RENT%Renter-occupied housing units%Total%With cash rent%Less than $100"
"B25063_004","GROSS RENT%Renter-occupied housing units%Total%With cash rent%$100 to $149"
"B25063_005","GROSS RENT%Renter-occupied housing units%Total%With cash rent%$150 to $199"
"B25063_006","GROSS RENT%Renter-occupied housing units%Total%With cash rent%$200 to $249"
"B25063_007","GROSS RENT%Renter-occupied housing units%Total%With cash rent%$250 to $299"
"B25063_008","GROSS RENT%Renter-occupied housing units%Total%With cash rent%$300 to $349"
"B25063_009","GROSS RENT%Renter-occupied housing units%Total%With cash rent%$350 to $399"
"B25063_010","GROSS RENT%Renter-occupied housing units%Total%With cash rent%$400 to $449"
"B25063_011","GROSS RENT%Renter-occupied housing units%Total%With cash rent%$450 to $499"
"B25063_012","GROSS RENT%Renter-occupied housing units%Total%With cash rent%$500 to $549"
"B25063_013","GROSS RENT%Renter-occupied housing units%Total%With cash rent%$550 to $599"
"B25063_014","GROSS RENT%Renter-occupied housing units%Total%With cash rent%$600 to $649"
"B25063_015","GROSS RENT%Renter-occupied housing units%Total%With cash rent%$650 to $699"
"B25063_016","GROSS RENT%Renter-occupied housing units%Total%With cash rent%$700 to $749"
"B25063_017","GROSS RENT%Renter-occupied housing units%Total%With cash rent%$750 to $799"
"B25063_018","GROSS RENT%Renter-occupied housing units%Total%With cash rent%$800 to $899"
"B25063_019","GROSS RENT%Renter-occupied housing units%Total%With cash rent%$900 to $999"
"B25063_020","GROSS RENT%Renter-occupied housing units%Total%With cash rent%$1 000 to $1 249"
"B25063_021","GROSS RENT%Renter-occupied housing units%Total%With cash rent%$1 250 to $1 499"
"B25063_022","GROSS RENT%Renter-occupied housing units%Total%With cash rent%$1 500 to $1 999"
"B25063_023","GROSS RENT% With cash rent:% $2,000 or more"
"B25063_024","GROSS RENT%Renter-occupied housing units%Total%No cash rent"
"B25064_001","MEDIAN GROSS RENT (DOLLARS)% Renter-occupied housing units paying cash rent%Median gross rent"
"B25070_001","GROSS RENT AS A PERCENTAGE OF HOUSEHOLD INCOME IN THE PAST 12 MONTHS% Renter-occupied housing units%Total"
"B25070_002","GROSS RENT AS A PERCENTAGE OF HOUSEHOLD INCOME IN THE PAST 12 MONTHS%Renter-occupied housing units%Total%Less than 10.0 percent"
"B25070_003","GROSS RENT AS A PERCENTAGE OF HOUSEHOLD INCOME IN THE PAST 12 MONTHS%Renter-occupied housing units%Total%10.0 to 14.9 percent"
"B25070_004","GROSS RENT AS A PERCENTAGE OF HOUSEHOLD INCOME IN THE PAST 12 MONTHS%Renter-occupied housing units%Total%15.0 to 19.9 percent"
"B25070_005","GROSS RENT AS A PERCENTAGE OF HOUSEHOLD INCOME IN THE PAST 12 MONTHS%Renter-occupied housing units%Total%20.0 to 24.9 percent"
"B25070_006","GROSS RENT AS A PERCENTAGE OF HOUSEHOLD INCOME IN THE PAST 12 MONTHS%Renter-occupied housing units%Total%25.0 to 29.9 percent"
"B25070_007","GROSS RENT AS A PERCENTAGE OF HOUSEHOLD INCOME IN THE PAST 12 MONTHS%Renter-occupied housing units%Total%30.0 to 34.9 percent"
"B25070_008","GROSS RENT AS A PERCENTAGE OF HOUSEHOLD INCOME IN THE PAST 12 MONTHS%Renter-occupied housing units%Total%35.0 to 39.9 percent"
"B25070_009","GROSS RENT AS A PERCENTAGE OF HOUSEHOLD INCOME IN THE PAST 12 MONTHS%Renter-occupied housing units%Total%40.0 to 49.9 percent"
"B25070_010","GROSS RENT AS A PERCENTAGE OF HOUSEHOLD INCOME IN THE PAST 12 MONTHS%Renter-occupied housing units%Total%50.0 percent or more"
"B25070_011","GROSS RENT AS A PERCENTAGE OF HOUSEHOLD INCOME IN THE PAST 12 MONTHS%Renter-occupied housing units%Total%Not computed"
"B25077_001","MEDIAN VALUE (DOLLARS)% Owner-occupied housing units%Median value (dollars)"
"B26001_001","GROUP QUARTERS POPULATION%Population in Group Quarters%Total"
"B98001_002","UNWEIGHTED HOUSING UNIT SAMPLE%Housing Units%Final number of housing unit interviews"
"B98003_001","UNWEIGHTED TOTAL POPULATION SAMPLE% Total population%Final interviews (actual and synthetic)"
"C17002_001","RATIO OF INCOME TO POVERTY LEVEL IN THE PAST 12 MONTHS% Population for whom poverty status is determined%Total"
"C17002_002","RATIO OF INCOME TO POVERTY LEVEL IN THE PAST 12 MONTHS%Population for whom poverty status is determined%Total%Under .50"
"C17002_003","RATIO OF INCOME TO POVERTY LEVEL IN THE PAST 12 MONTHS%Population for whom poverty status is determined%Total%.50 to .99"
"C17002_004","RATIO OF INCOME TO POVERTY LEVEL IN THE PAST 12 MONTHS%Population for whom poverty status is determined%Total%1.00 to 1.24"
"C17002_005","RATIO OF INCOME TO POVERTY LEVEL IN THE PAST 12 MONTHS%Population for whom poverty status is determined%Total%1.25 to 1.49"
"C17002_006","RATIO OF INCOME TO POVERTY LEVEL IN THE PAST 12 MONTHS%Population for whom poverty status is determined%Total%1.50 to 1.84"
"C17002_007","RATIO OF INCOME TO POVERTY LEVEL IN THE PAST 12 MONTHS%Population for whom poverty status is determined%Total%1.85 to 1.99"
"C17002_008","RATIO OF INCOME TO POVERTY LEVEL IN THE PAST 12 MONTHS%Population for whom poverty status is determined%Total%2.00 and over"
"C24030_001","SEX BY INDUSTRY FOR THE CIVILIAN EMPLOYED POPULATION 16 YEARS AND OVER% Civilian employed population 16 years and over%Total"
"C24030_002","SEX BY INDUSTRY FOR THE CIVILIAN EMPLOYED POPULATION 16 YEARS AND OVER%Civilian employed population 16 years and over%Total%Male"
"C24030_003","SEX BY INDUSTRY FOR THE CIVILIAN EMPLOYED POPULATION 16 YEARS AND OVER%Civilian employed population 16 years and over%Total%Male%Agriculture forestry fishing and hunting and mining"
"C24030_006","SEX BY INDUSTRY FOR THE CIVILIAN EMPLOYED POPULATION 16 YEARS AND OVER%Civilian employed population 16 years and over%Total%Male%Construction"
"C24030_007","SEX BY INDUSTRY FOR THE CIVILIAN EMPLOYED POPULATION 16 YEARS AND OVER%Civilian employed population 16 years and over%Total%Male%Manufacturing"
"C24030_008","SEX BY INDUSTRY FOR THE CIVILIAN EMPLOYED POPULATION 16 YEARS AND OVER%Civilian employed population 16 years and over%Total%Male%Wholesale trade"
"C24030_009","SEX BY INDUSTRY FOR THE CIVILIAN EMPLOYED POPULATION 16 YEARS AND OVER%Civilian employed population 16 years and over%Total%Male%Retail trade"
"C24030_010","SEX BY INDUSTRY FOR THE CIVILIAN EMPLOYED POPULATION 16 YEARS AND OVER%Civilian employed population 16 years and over%Total%Male%Transportation and warehousing and utilities"
"C24030_013","SEX BY INDUSTRY FOR THE CIVILIAN EMPLOYED POPULATION 16 YEARS AND OVER%Civilian employed population 16 years and over%Total%Male%Information"
"C24030_014","SEX BY INDUSTRY FOR THE CIVILIAN EMPLOYED POPULATION 16 YEARS AND OVER%Civilian employed population 16 years and over%Total%Male%Finance and insurance and real estate and rental and leasing"
"C24030_017","SEX BY INDUSTRY FOR THE CIVILIAN EMPLOYED POPULATION 16 YEARS AND OVER%Civilian employed population 16 years and over%Total%Male%Professional scientific and management and administrative and waste management services"
"C24030_021","SEX BY INDUSTRY FOR THE CIVILIAN EMPLOYED POPULATION 16 YEARS AND OVER%Civilian employed population 16 years and over%Total%Male%Educational services and health care and social assistance"
"C24030_024","SEX BY INDUSTRY FOR THE CIVILIAN EMPLOYED POPULATION 16 YEARS AND OVER%Civilian employed population 16 years and over%Total%Male%Arts entertainment and recreation and accommodation and food services"
"C24030_027","SEX BY INDUSTRY FOR THE CIVILIAN EMPLOYED POPULATION 16 YEARS AND OVER%Civilian employed population 16 years and over%Total%Male%Other services except public administration"
"C24030_028","SEX BY INDUSTRY FOR THE CIVILIAN EMPLOYED POPULATION 16 YEARS AND OVER%Civilian employed population 16 years and over%Total%Male%Public administration"
"C24030_029","SEX BY INDUSTRY FOR THE CIVILIAN EMPLOYED POPULATION 16 YEARS AND OVER%Civilian employed population 16 years and over%Total%Female"
"C24030_030","SEX BY INDUSTRY FOR THE CIVILIAN EMPLOYED POPULATION 16 YEARS AND OVER%Civilian employed population 16 years and over%Total%Female%Agriculture forestry fishing and hunting and mining"
"C24030_033","SEX BY INDUSTRY FOR THE CIVILIAN EMPLOYED POPULATION 16 YEARS AND OVER%Civilian employed population 16 years and over%Total%Female%Construction"
"C24030_034","SEX BY INDUSTRY FOR THE CIVILIAN EMPLOYED POPULATION 16 YEARS AND OVER%Civilian employed population 16 years and over%Total%Female%Manufacturing"
"C24030_035","SEX BY INDUSTRY FOR THE CIVILIAN EMPLOYED POPULATION 16 YEARS AND OVER%Civilian employed population 16 years and over%Total%Female%Wholesale trade"
"C24030_036","SEX BY INDUSTRY FOR THE CIVILIAN EMPLOYED POPULATION 16 YEARS AND OVER%Civilian employed population 16 years and over%Total%Female%Retail trade"
"C24030_037","SEX BY INDUSTRY FOR THE CIVILIAN EMPLOYED POPULATION 16 YEARS AND OVER%Civilian employed population 16 years and over%Total%Female%Transportation and warehousing and utilities"
"C24030_040","SEX BY INDUSTRY FOR THE CIVILIAN EMPLOYED POPULATION 16 YEARS AND OVER%Civilian employed population 16 years and over%Total%Female%Information"
"C24030_041","SEX BY INDUSTRY FOR THE CIVILIAN EMPLOYED POPULATION 16 YEARS AND OVER%Civilian employed population 16 years and over%Total%Female%Finance and insurance and real estate and rental and leasing"
"C24030_044","SEX BY INDUSTRY FOR THE CIVILIAN EMPLOYED POPULATION 16 YEARS AND OVER%Civilian employed population 16 years and over%Total%Female%Professional scientific and management and administrative and waste management services"
"C24030_048","SEX BY INDUSTRY FOR THE CIVILIAN EMPLOYED POPULATION 16 YEARS AND OVER%Civilian employed population 16 years and over%Total%Female%Educational services and health care and social assistance"
"C24030_051","SEX BY INDUSTRY FOR THE CIVILIAN EMPLOYED POPULATION 16 YEARS AND OVER%Civilian employed population 16 years and over%Total%Female%Arts entertainment and recreation and accommodation and food services"
"C24030_054","SEX BY INDUSTRY FOR THE CIVILIAN EMPLOYED POPULATION 16 YEARS AND OVER%Civilian employed population 16 years and over%Total%Female%Other services except public administration"
"C24030_055","SEX BY INDUSTRY FOR THE CIVILIAN EMPLOYED POPULATION 16 YEARS AND OVER%Civilian employed population 16 years and over%Total%Female%Public administration"
